,unit
hk02011,2000
hk01396,2000
hk08112,4800
hk08198,4000
hk01143,4000
hk00886,3000
hk00559,10000
hk00901,20000
hk08292,10000
hk00582,5000
hk08147,4000
hk00264,4000
hk00928,4000
hk08126,4000
hk00993,1000
hk00758,2000
hk01178,10000
hk01420,4000
hk00557,2000
hk00065,4000
hk00200,1000
hk00309,1000
hk01269,2000
hk01718,5000
hk00243,9000
hk00413,8000
hk08409,10000
hk08055,8000
hk08156,5000
hk00721,10000
hk03963,1000
hk00589,500
hk00650,2000
hk08187,5000
hk08035,10000
hk00102,2000
hk01575,2000
hk08100,6000
hk06880,2000
hk01470,4000
hk00231,20000
hk00130,2000
hk02298,1000
hk08085,4000
hk01360,5000
hk02340,4000
hk01738,2500
hk08165,10000
hk01682,4000
hk00146,1000
hk00623,1000
hk02283,2000
hk00768,2000
hk01102,2000
hk00952,10000
hk01094,4000
hk00515,2000
hk01856,1000
hk00201,2000
hk01580,5000
hk00834,4000
hk01803,2500
hk01667,10000
hk00980,1000
hk00565,5000
hk08356,10000
hk08233,4000
hk08047,4000
hk00841,2000
hk00869,4000
hk00990,10000
hk02133,1000
hk01263,2000
hk00600,2000
hk00180,2000
hk00216,4000
hk08037,20000
hk08300,20000
hk03606,400
hk00027,1000
hk00725,2000
hk00677,2000
hk00352,2000
hk02398,2000
hk00245,10000
hk03968,500
hk00762,2000
hk00692,5000
hk00881,500
hk00506,2000
hk00699,1000
hk08279,4000
hk00064,2000
hk01194,2000
hk08167,4000
hk00970,8000
hk00084,1000
hk02299,2000
hk00316,500
hk03336,2000
hk08097,5000
hk08009,20000
hk01656,2000
hk01488,2000
hk08351,20000
hk08078,20000
hk00674,4000
hk01355,5000
hk01341,8000
hk08267,500
hk08222,4000
hk08038,2000
hk00745,10000
hk00495,5000
hk08053,20000
hk02699,2000
hk01246,20000
hk01080,1500
hk00712,2000
hk00117,2000
hk08113,10000
hk08046,4000
hk03866,500
hk00263,4000
hk08106,5000
hk08072,20000
hk01137,1000
hk00063,1000
hk08255,6000
hk08092,4000
hk00524,10000
hk00696,1000
hk01128,400
hk00583,2000
hk08312,10000
hk01439,5000
hk06816,2000
hk00658,1000
hk00911,10000
hk00061,10000
hk00160,2000
hk00733,2000
hk00866,2000
hk00402,20000
hk00503,1000
hk08307,4000
hk01889,2500
hk00040,1000
hk06858,500
hk01808,2000
hk00893,1000
hk00172,10000
hk02208,200
hk08003,2000
hk00070,10000
hk02878,2000
hk00999,2000
hk00875,20000
hk00803,20000
hk01252,1000
hk00599,4000
hk08237,2000
hk01637,2000
hk00915,1000
hk00544,20000
hk01166,20000
hk03989,2000
hk02302,1000
hk82832,100
hk01110,4000
hk01199,2000
hk00310,10000
hk01161,2000
hk00898,2000
hk08452,2000
hk08417,10000
hk03638,12000
hk01050,2000
hk00118,2000
hk01197,2000
hk01862,1000
hk00195,10000
hk00410,500
hk02098,3000
hk01275,1000
hk01169,1000
hk08268,8000
hk01536,2000
hk01430,2000
hk03737,1000
hk01142,10000
hk00420,2000
hk06818,1000
hk03106,500
hk01663,2000
hk01210,2000
hk00108,2000
hk01208,4000
hk07210,200
hk01622,2000
hk00270,2000
hk02280,2000
hk00809,2000
hk08240,10000
hk07261,100
hk01155,1000
hk00680,50000
hk02799,1000
hk03061,200
hk08270,8000
hk02832,100
hk08101,4000
hk00045,500
hk00213,2000
hk00019,500
hk01988,500
hk01310,500
hk01368,500
hk01253,4000
hk00539,2000
hk00223,2000
hk01452,1000
hk02868,2000
hk08211,10000
hk00628,2000
hk01393,1000
hk00801,4000
hk03686,10000
hk00874,2000
hk00613,2000
hk00519,5000
hk01090,2000
hk00838,2000
hk00167,2000
hk83155,100
hk03828,1000
hk03136,200
hk06823,1000
hk01583,1000
hk00467,2000
hk00144,2000
hk00043,2000
hk08413,10000
hk00686,2000
hk00595,2000
hk00221,4000
hk00120,20000
hk00378,2000
hk03903,2000
hk00997,10000
hk00637,2000
hk00575,10000
hk00326,10000
hk01908,4000
hk82843,200
hk00009,6000
hk02843,200
hk01778,1000
hk08218,4000
hk00569,1000
hk01327,2000
hk00586,500
hk00360,4000
hk00115,10000
hk06128,2000
hk00690,20000
hk00379,10000
hk00182,10000
hk00022,40000
hk08369,10000
hk01522,4000
hk01175,10000
hk00169,1000
hk00858,10000
hk03155,100
hk01222,20000
hk00585,8000
hk02327,6000
hk01305,1000
hk00943,8000
hk08130,20000
hk01588,200
hk01030,2000
hk01125,20000
hk00880,1000
hk08192,12000
hk01447,2000
hk01348,2000
hk00798,4000
hk00219,2000
hk03100,100
hk01635,1000
hk00935,2000
hk00308,2000
hk06138,1000
hk02844,200
hk01418,2000
hk00976,2000
hk08317,2000
hk01636,4000
hk08135,5000
hk01243,4000
hk01096,2000
hk00854,1000
hk00701,2000
hk00087,2500
hk03107,200
hk00247,2000
hk03799,500
hk02236,1000
hk01798,1000
hk01083,1000
hk00996,10000
hk00885,10000
hk08021,10000
hk00693,3000
hk00126,2000
hk01993,500
hk00368,500
hk00497,10000
hk00711,2000
hk08137,2000
hk03171,25
hk01556,5000
hk01123,2000
hk00333,2000
hk08163,20000
hk08027,5000
hk02822,200
hk02379,5000
hk00666,20000
hk00580,2000
hk00464,4000
hk00256,2000
hk00137,1000
hk03095,500
hk08231,10000
hk08227,4000
hk03180,200
hk02222,1000
hk01009,2000
hk00855,2000
hk83107,200
hk83095,500
hk82822,200
hk00059,2000
hk83146,100
hk02662,2000
hk02289,500
hk00088,1000
hk00289,1000
hk01888,500
hk03177,20
hk01288,1000
hk00640,4000
hk01878,50
hk00279,20000
hk00148,500
hk08416,5000
hk06168,5000
hk01105,2000
hk02320,2000
hk02309,20000
hk01313,2000
hk01234,1000
hk00346,10000
hk08086,8000
hk01928,400
hk08282,4000
hk01118,10000
hk00153,2000
hk00641,2000
hk00449,2000
hk00062,400
hk00369,2000
hk02722,2000
hk02386,500
hk02331,500
hk00529,2000
hk03085,100
hk03024,100
hk02819,100
hk00950,500
hk01003,10000
hk83128,200
hk00229,1000
hk02233,2000
hk00921,1000
hk09847,100
hk07255,200
hk03161,200
hk01811,2000
hk01573,2000
hk00581,2000
hk08296,4000
hk03086,200
hk02823,100
hk00706,10000
hk82834,100
hk02678,500
hk00226,1000
hk00090,2000
hk01300,2000
hk00868,2000
hk00817,2000
hk00755,5000
hk00736,3000
hk08442,500
hk01611,2000
hk00319,2000
hk06893,2000
hk00331,1000
hk02200,2000
hk01666,1000
hk00425,2000
hk01226,10000
hk00618,2000
hk00173,1000
hk03146,100
hk03049,300
hk02628,1000
hk01557,4000
hk00260,10000
hk09155,100
hk09146,100
hk08213,10000
hk03128,200
hk01240,2500
hk09074,100
hk03688,500
hk09170,100
hk09834,100
hk02880,2000
hk01459,2000
hk01008,2000
hk03101,100
hk01673,2000
hk00550,2000
hk02802,200
hk01151,500
hk06178,200
hk00288,500
hk03333,1000
hk02282,400
hk01515,500
hk01082,8000
hk03813,1000
hk00154,1000
hk00655,2000
hk02738,2000
hk00815,2000
hk03167,50
hk02827,200
hk07228,200
hk03020,15
hk00956,1000
hk00530,2000
hk03021,300
hk01106,100000
hk00001,500
hk83168,100
hk08331,10000
hk07222,100
hk02002,500
hk00224,4000
hk01088,500
hk00827,4000
hk00708,5000
hk02318,500
hk01982,2000
hk83100,100
hk03057,200
hk02688,2000
hk00850,4000
hk03092,25
hk01373,1000
hk01272,1000
hk01238,1000
hk01036,1000
hk00752,2000
hk01700,1000
hk00945,100
hk00365,2000
hk03165,200
hk01069,20000
hk00563,2000
hk00382,2000
hk06808,500
hk02834,100
hk02633,2000
hk01508,1000
hk00498,2000
hk03040,100
hk03908,400
hk03102,200
hk03026,20
hk02840,10
hk00593,500
hk82836,200
hk07230,100
hk03330,2000
hk03137,200
hk02383,2000
hk02293,8000
hk00728,2000
hk00707,2000
hk00659,1000
hk06161,2000
hk00222,2000
hk00175,5000
hk03055,50
hk01375,1000
hk03065,500
hk01037,2000
hk00328,2000
hk00194,2000
hk07267,100
hk03898,500
hk03839,500
hk03639,2000
hk01528,200
hk01045,500
hk00662,2000
hk07225,200
hk06837,400
hk03380,2000
hk03043,100
hk00577,500
hk00573,1000
hk03150,200
hk01085,2000
hk00737,500
hk00066,500
hk06868,1000
hk03116,200
hk01818,500
hk01038,500
hk02801,200
hk08261,8000
hk00579,2000
hk00405,1000
hk02212,20000
hk01883,1000
hk00833,1000
hk00285,500
hk06196,1000
hk01193,2000
hk00998,1000
hk00392,500
hk83137,200
hk08093,5000
hk02846,100
hk02382,1000
hk01448,1000
hk03046,100
hk01122,2000
hk00914,500
hk83180,200
hk03188,200
hk02313,1000
hk00590,1000
hk00003,1000
hk03019,125
hk01589,1000
hk01530,500
hk03063,550
hk00071,1000
hk83127,100
hk03140,500
hk01126,2000
hk03328,1000
hk01910,300
hk00133,2000
hk00032,1000
hk83129,200
hk03081,100
hk00432,1000
hk00267,1000
hk87001,1000
hk03025,250
hk00152,500
hk00025,2000
hk03127,100
hk02202,100
hk01388,1000
hk00551,500
hk03306,500
hk03012,500
hk01339,1000
hk01836,500
hk03013,200
hk01136,2000
hk00626,2000
hk07288,100
hk02393,2500
hk80737,500
hk03052,450
hk03016,200
hk08058,2000
hk02086,8000
hk01336,100
hk00034,1000
hk07250,200
hk03323,2000
hk03007,10
hk02838,100
hk01812,500
hk01135,500
hk00489,2000
hk00004,1000
hk83074,100
hk08008,1000
hk03027,125
hk00116,1000
hk03097,500
hk06189,500
hk03160,200
hk03074,100
hk03036,25
hk01398,1000
hk02828,200
hk02800,500
hk01533,500
hk00857,2000
hk00089,1000
hk00011,100
hk01299,200
hk01052,2000
hk83120,100
hk02099,100
hk03869,200
hk00078,2000
hk00023,200
hk03129,200
hk03120,100
hk00052,500
hk83188,200
hk06886,200
hk01999,400
hk02611,200
hk00548,2000
hk07200,100
hk83170,100
hk83012,500
hk07221,100
hk06826,100
hk03145,200
hk02847,100
hk03121,200
hk00006,500
hk83199,20
hk82828,200
hk03082,30
hk86002,5000
hk86001,5000
hk84602,10000
hk83162,100
hk83150,500
hk83149,200
hk83136,200
hk83132,200
hk83122,10
hk83115,10
hk83081,100
hk83010,100
hk83008,200
hk82847,100
hk82846,100
hk82833,100
hk82811,200
hk09846,100
hk09836,200
hk09081,100
hk09010,100
hk08432,10000
hk08431,10000
hk08425,4000
hk08421,5000
hk08410,10000
hk08407,2000
hk08366,10000
hk08365,5000
hk08358,5000
hk08349,10000
hk08348,2000
hk08343,5000
hk08341,5000
hk08340,10000
hk08336,1000
hk08333,5000
hk08327,10000
hk08321,10000
hk08319,10000
hk08316,10000
hk08310,10000
hk08306,10000
hk08297,5000
hk08295,20000
hk08293,5000
hk08286,5000
hk08273,2000
hk08272,20000
hk08271,2000
hk08248,10000
hk08247,2000
hk08243,5000
hk08238,8000
hk08236,1000
hk08232,5000
hk08215,20000
hk08207,4000
hk08205,4000
hk08203,10000
hk08202,10000
hk08201,20000
hk08197,10000
hk08196,4000
hk08195,8000
hk08191,6000
hk08188,4000
hk08183,5000
hk08181,8000
hk08176,5000
hk08175,10000
hk08173,40000
hk08171,160000
hk08170,4000
hk08166,20000
hk08160,12000
hk08159,5000
hk08157,20000
hk08155,8000
hk08150,10000
hk08149,10000
hk08145,2000
hk08141,10000
hk08133,20000
hk08129,20000
hk08128,8000
hk08127,1000
hk08125,4000
hk08122,8000
hk08121,10000
hk08119,10000
hk08117,10000
hk08116,20000
hk08115,4000
hk08103,20000
hk08098,10000
hk08087,20000
hk08081,10000
hk08080,8000
hk08079,5000
hk08076,5000
hk08075,4000
hk08069,5000
hk08067,1000
hk08063,50000
hk08061,20000
hk08059,5000
hk08056,5000
hk08048,2000
hk08045,6000
hk08033,2000
hk08030,5000
hk08028,20000
hk08026,1000
hk08023,6000
hk08020,10000
hk08016,2000
hk08011,20000
hk08001,4000
hk07335,100
hk07302,100
hk07300,100
hk07231,100
hk07205,200
hk07202,100
hk06882,2000
hk06866,2000
hk06863,1000
hk06838,2000
hk06836,2000
hk06833,4000
hk06828,8000
hk06822,4000
hk06388,100
hk06288,300
hk06230,50
hk06210,50
hk06198,1000
hk06188,500
hk06163,2000
hk06123,2000
hk06122,1000
hk06108,8000
hk06099,200
hk04610,10000
hk04609,10000
hk04608,10000
hk04607,10000
hk04606,10000
hk04605,10000
hk04604,10000
hk04603,10000
hk04601,20000
hk04338,10
hk03868,1000
hk03818,1000
hk03816,4000
hk03789,4000
hk03777,2000
hk03773,2000
hk03698,1000
hk03689,200
hk03683,2500
hk03663,4000
hk03633,2000
hk03628,4000
hk03618,1000
hk03608,2500
hk03398,2000
hk03377,500
hk03335,4000
hk03326,3000
hk03318,2000
hk03315,1000
hk03170,100
hk03153,200
hk03149,200
hk03143,200
hk03141,200
hk03134,200
hk03132,200
hk03126,100
hk03124,200
hk03122,10
hk03110,100
hk03105,500
hk03073,200
hk03071,500
hk03060,100
hk03056,500
hk03054,500
hk03041,100
hk03035,100
hk03017,250
hk03015,5
hk03008,200
hk02988,500
hk02957,2500
hk02951,20000
hk02946,20000
hk02944,25000
hk02889,2000
hk02886,2000
hk02848,10
hk02839,500
hk02835,500
hk02825,200
hk02821,10
hk02818,100
hk02817,500
hk02816,200
hk02811,200
hk02808,10
hk02788,2000
hk02768,2000
hk02700,20000
hk02698,500
hk02638,500
hk02608,1000
hk02601,200
hk02468,1000
hk02389,6000
hk02369,4000
hk02368,2000
hk02366,5000
hk02355,2000
hk02348,4000
hk02341,2000
hk02339,2000
hk02328,2000
hk02326,10000
hk02323,2000
hk02322,8000
hk02319,1000
hk02307,2000
hk02303,2000
hk02288,1000
hk02278,1000
hk02239,1000
hk02229,2000
hk02228,3000
hk02226,500
hk02223,2000
hk02213,2000
hk02198,1000
hk02193,4000
hk02168,500
hk02138,1000
hk02123,4000
hk02118,2000
hk02112,2000
hk02088,2000
hk02080,2000
hk02078,1000
hk02068,1000
hk02031,5000
hk02018,500
hk02016,1000
hk02010,1000
hk02009,500
hk02006,2000
hk02005,2000
hk02000,2000
hk01998,2000
hk01985,2000
hk01972,200
hk01884,4000
hk01863,1000
hk01838,1000
hk01819,600
hk01799,400
hk01777,1500
hk01776,200
hk01698,1000
hk01689,2000
hk01685,1000
hk01678,2000
hk01669,2000
hk01627,4000
hk01626,2000
hk01619,2000
hk01613,8000
hk01612,2000
hk01609,10000
hk01606,2000
hk01585,2000
hk01570,1000
hk01561,4000
hk01559,10000
hk01543,2000
hk01527,200
hk01495,2000
hk01492,2000
hk01468,10000
hk01460,4000
hk01450,2000
hk01431,1000
hk01421,5000
hk01399,2000
hk01395,5000
hk01389,4000
hk01378,500
hk01372,2000
hk01369,2000
hk01366,2000
hk01362,4000
hk01353,1000
hk01335,2000
hk01329,2000
hk01326,8000
hk01323,2000
hk01321,1000
hk01318,2000
hk01301,2000
hk01292,1000
hk01289,500
hk01277,2000
hk01260,2000
hk01258,1000
hk01247,2000
hk01241,2000
hk01237,10000
hk01236,2000
hk01231,2000
hk01229,2000
hk01228,5000
hk01221,2000
hk01219,1000
hk01217,40000
hk01213,2000
hk01207,2000
hk01198,2000
hk01196,2000
hk01192,20000
hk01191,20000
hk01189,10000
hk01188,2000
hk01187,2000
hk01184,2000
hk01174,2000
hk01170,2000
hk01168,2000
hk01163,10000
hk01160,100000
hk01152,2000
hk01149,4000
hk01148,1000
hk01146,2000
hk01132,5000
hk01129,4000
hk01121,2000
hk01116,4000
hk01104,20000
hk01101,2000
hk01091,1000
hk01075,6000
hk01073,2000
hk01068,1000
hk01062,10000
hk01059,3000
hk01051,3000
hk01049,6000
hk01047,2000
hk01041,10000
hk01031,2000
hk01028,1000
hk01027,10000
hk01026,10000
hk01010,2000
hk01007,1000
hk01006,1000
hk01005,2000
hk01002,4000
hk01000,500
hk00988,3000
hk00985,8000
hk00982,20000
hk00974,1000
hk00967,1000
hk00963,2500
hk00959,2000
hk00954,4000
hk00948,2000
hk00940,1000
hk00936,10000
hk00927,2000
hk00926,1000
hk00925,2000
hk00922,20000
hk00919,4000
hk00916,1000
hk00912,2000
hk00909,2000
hk00907,2000
hk00905,16000
hk00904,4000
hk00903,2000
hk00900,2000
hk00897,5000
hk00894,2000
hk00891,2000
hk00889,2000
hk00887,10000
hk00873,2000
hk00872,2000
hk00864,4000
hk00863,2000
hk00860,12000
hk00852,2000
hk00851,10000
hk00847,30
hk00846,1000
hk00845,1000
hk00844,4000
hk00840,2000
hk00837,2000
hk00828,2000
hk00820,500
hk00811,1000
hk00802,10000
hk00800,2000
hk00771,2000
hk00770,1000
hk00761,2000
hk00760,15000
hk00750,1000
hk00738,2000
hk00727,2000
hk00720,25000
hk00719,2000
hk00718,5000
hk00717,6000
hk00715,2000
hk00705,12000
hk00703,6000
hk00702,5000
hk00695,2000
hk00691,1000
hk00685,1000
hk00684,2000
hk00681,2000
hk00676,2000
hk00675,2000
hk00672,1000
hk00663,1000
hk00657,2000
hk00647,2000
hk00638,2000
hk00635,2000
hk00632,1000
hk00630,10000
hk00627,20000
hk00625,1000
hk00607,2500
hk00592,2000
hk00591,1000
hk00588,2000
hk00587,4000
hk00574,2000
hk00568,400
hk00566,2000
hk00560,2000
hk00554,2000
hk00542,8000
hk00536,2000
hk00521,10000
hk00513,10000
hk00511,100
hk00509,5000
hk00508,5000
hk00505,1000
hk00499,2000
hk00496,1000
hk00494,2000
hk00493,1000
hk00491,20000
hk00487,4000
hk00486,1000
hk00483,2000
hk00475,2000
hk00474,6000
hk00471,4000
hk00465,2000
hk00462,4000
hk00460,1000
hk00459,10000
hk00458,1000
hk00440,400
hk00438,2000
hk00434,1000
hk00430,2000
hk00428,2000
hk00423,2000
hk00422,1000
hk00408,2000
hk00406,2000
hk00404,2000
hk00403,2000
hk00401,5000
hk00400,1000
hk00398,2000
hk00397,10000
hk00393,4000
hk00385,2000
hk00381,10000
hk00373,2000
hk00367,4000
hk00364,4000
hk00362,10000
hk00361,20000
hk00353,20000
hk00348,2000
hk00343,5000
hk00339,10000
hk00336,1000
hk00335,2000
hk00332,4000
hk00318,5000
hk00313,50000
hk00312,2000
hk00311,1000
hk00307,2000
hk00305,10000
hk00303,100
hk00300,2000
hk00299,10000
hk00294,1000
hk00292,10000
hk00290,2000
hk00287,2000
hk00286,2000
hk00282,2000
hk00281,2000
hk00277,2000
hk00274,40000
hk00265,5000
hk00261,20000
hk00254,10000
hk00253,2000
hk00252,2000
hk00248,4000
hk00246,500
hk00244,1000
hk00239,2500
hk00236,2000
hk00234,8000
hk00233,10000
hk00225,2000
hk00217,2000
hk00208,5000
hk00207,2000
hk00204,20000
hk00198,4000
hk00193,15000
hk00189,1000
hk00184,2000
hk00183,8000
hk00181,20000
hk00179,500
hk00170,5000
hk00166,2000
hk00161,2000
hk00157,10000
hk00155,10000
hk00151,1000
hk00132,1000
hk00125,2000
hk00114,5000
hk00111,2000
hk00106,4000
hk00105,2000
hk00104,5000
hk00103,2000
hk00096,2000
hk00092,2000
hk00073,1000
hk00072,2000
hk00068,1000
hk00067,2000
hk00060,2000
hk00057,2000
hk00055,10000
hk00053,1000
hk00051,1000
hk00047,4000
hk00039,8000
hk00037,2000
hk00031,2000
hk00026,200
hk00024,2000
hk00015,2000
hk00008,1000
hk00007,2000
hk03199,20
hk03115,10
hk00700,100
hk00005,400
hk02833,100
hk00522,100
hk00044,400
hk03320,500
hk01357,500
hk01382,1000
hk83156,200
hk07321,100
hk00973,250
hk07388,100
hk07336,100
hk06869,500
hk01099,400
hk06881,500
hk03009,100
hk02388,500
hk01880,1000
hk01708,1000
hk01349,1000
hk01066,4000
hk00939,1000
hk00386,4000
hk00371,2000
hk09115,10
hk00384,2000
hk07312,200
hk01385,2000
hk00853,1000
hk00251,2000
hk01986,500
hk01565,1000
hk00341,2000
hk01608,1000
hk00435,1000
hk82808,10
hk02877,1000
hk01658,1000
hk00338,2000
hk02836,200
hk02805,100
hk01109,2000
hk00941,500
hk00306,2000
hk00212,500
hk00709,2000
hk07341,100
hk06030,500
hk00906,1000
hk03062,300
hk01255,2000
hk00687,2000
hk00158,500
hk00035,1000
hk07362,100
hk03958,400
hk01518,500
hk00669,500
hk00604,2000
hk07322,100
hk02869,2000
hk01333,400
hk01159,500
hk00746,2000
hk00517,2000
hk00002,500
hk01633,3000
hk01426,1000
hk01270,500
hk00778,1000
hk00046,2000
hk08345,2000
hk00883,1000
hk00278,2000
hk07328,200
hk02196,500
hk01211,500
hk00823,500
hk00028,1000
hk07315,200
hk01929,200
hk00177,2000
hk01212,500
hk00315,500
hk02183,2000
hk03933,2000
hk02778,1000
hk02300,2000
hk00856,2000
hk00156,10000
hk07326,200
hk07311,200
hk03889,2000
hk03135,300
hk02286,1000
hk01271,1000
hk00812,2000
hk00735,500
hk00029,2000
hk00012,1000
hk01549,8000
hk00753,2000
hk00139,14000
hk08347,8000
hk01428,2000
hk00867,1000
hk08360,4000
hk03311,2000
hk03157,200
hk02607,100
hk00987,2000
hk00688,2000
hk03888,1000
hk03396,100
hk01881,1000
hk01130,4000
hk00185,10000
hk02020,1000
hk00933,1000
hk00878,500
hk00354,2000
hk01138,2000
hk00357,1000
hk01365,1000
hk00480,800
hk06896,500
hk06139,500
hk01513,100
hk00813,500
hk08326,1000
hk08131,2000
hk01200,2000
hk00389,2000
hk00211,10000
hk08091,10000
hk03988,1000
hk03045,50
hk01387,2000
hk00220,1000
hk00041,1000
hk01093,2000
hk00376,2000
hk08415,10000
hk06066,500
hk03162,100
hk02824,100
hk02281,1000
hk02017,2000
hk01577,2000
hk01173,20000
hk00984,500
hk00444,10000
hk01578,500
hk01461,1000
hk00099,1000
hk08239,2000
hk03156,200
hk00272,500
hk08019,20000
hk00258,2000
hk07331,100
hk03966,2000
hk01113,500
hk00931,20000
hk00388,100
hk01233,1000
hk01089,5000
hk00808,1000
hk00426,2000
hk00016,1000
hk03768,1000
hk01100,2000
hk00268,2000
hk01568,2000
hk00450,2000
hk02343,1000
hk00995,2000
hk01586,4000
hk01131,5000
hk00077,2000
hk02345,2000
hk01225,20000
hk01181,2000
hk00520,500
hk00048,10000
hk01359,1000
hk01230,1000
hk00085,2000
hk00014,1000
hk00235,5000
hk00135,2000
hk08186,20000
hk01813,500
hk01681,1000
hk01218,1000
hk00896,2000
hk00645,2000
hk08352,10000
hk03399,1000
hk03118,100
hk03010,100
hk00395,8000
hk00101,1000
hk02666,500
hk01596,1000
hk01177,1000
hk00960,500
hk03918,2000
hk02356,400
hk01680,1000
hk00375,1000
hk00242,2000
hk01618,1000
hk01060,10000
hk03383,2000
hk00825,1000
hk03331,1000
hk02689,1000
hk01858,200
hk01202,2000
hk06898,2000
hk01498,500
hk01386,1000
hk00620,2000
hk02008,2000
hk01848,500
hk01509,1000
hk00257,1000
hk01963,500
hk00730,1000
hk08228,20000
hk02371,4000
hk00363,1000
hk00202,5000
hk03360,1000
hk02964,20000
hk01628,1000
hk01107,2000
hk00540,4000
hk00021,5000
hk03822,4000
hk02128,1000
hk01180,4000
hk00968,2000
hk00678,1000
hk00178,2000
hk01314,2000
hk00908,2000
hk00756,4000
hk00656,500
hk00171,2000
hk00163,2000
hk03788,1000
hk02588,100
hk01816,1000
hk01285,1000
hk00814,1000
hk00345,2000
hk00293,1000
hk03893,20000
hk03883,1000
hk02888,50
hk08148,20000
hk03005,350
hk02030,1000
hk01899,1000
hk01124,2000
hk00576,2000
hk00484,100
hk00283,2000
hk00129,2000
hk01055,2000
hk00107,2000
hk03948,100
hk00549,2000
hk00512,4000
hk00488,15000
hk00334,8000
hk08070,5000
hk03368,500
hk00273,10000
hk00138,2000
hk08277,2000
hk03983,2000
hk01115,1000
hk00476,10000
hk08217,10000
hk03339,1000
hk02001,1000
hk00570,2000
hk00351,10000
hk02338,1000
hk01989,8000
hk00546,1000
hk00271,1000
hk00119,1000
hk08283,5000
hk03313,1000
hk02333,500
hk01048,1000
hk00174,2000
hk02083,1000
hk01205,2000
hk00929,5000
hk00787,2000
hk00468,1000
hk00122,1000
hk00862,20000
hk00320,2000
hk00297,2000
hk01639,10000
hk02380,1000
hk02014,1000
hk01483,2000
hk01224,1000
hk00054,500
hk08090,2000
hk01340,2000
hk01001,2000
hk08095,1000
hk03084,300
hk03070,100
hk01302,2000
hk01120,2000
hk00017,1000
hk03900,500
hk02221,4000
hk00543,1000
hk00083,2000
hk00080,20000
hk08329,10000
hk01319,8000
hk00981,500
hk00230,2000
hk03308,1000
hk03175,200
hk01070,2000
hk01044,500
hk00237,2000
hk02317,4000
hk01882,1000
hk01165,2000
hk01111,1000
hk08077,5000
hk06830,2000
hk01523,8000
hk08249,5000
hk01733,12000
hk01600,1500
hk00747,2000
hk03344,2000
hk03329,1000
hk03389,4000
hk01182,10000
hk00606,1000
hk00321,2000
hk00141,2000
hk01828,1000
hk00832,1000
hk00556,2000
hk08411,10000
hk08206,1000
hk01699,4000
hk01367,4000
hk01065,2000
hk00751,2000
hk00232,2000
hk00159,4000
hk02899,2000
hk02038,1000
hk01011,500
hk00124,2000
hk02727,2000
hk01381,1000
hk00665,1000
hk00356,30000
hk00445,5000
hk00275,10000
hk08172,20000
hk01829,1000
hk01466,2000
hk00902,2000
hk00525,2000
hk00197,5000
hk00109,10000
hk02330,4000
hk01480,2000
hk00992,2000
hk08265,4000
hk06899,1000
hk01358,1000
hk00731,2000
hk00295,25000
hk08193,5000
hk08052,10000
hk03087,10
hk02136,500
hk01383,10000
hk00848,1000
hk00653,2000
hk03363,2000
hk02378,500
hk01268,2000
hk00038,2000
hk03600,1000
hk03300,2000
hk03099,25
hk00810,6000
hk02266,2000
hk01788,1000
hk00572,4000
hk00533,1000
hk08032,8000
hk02898,10000
hk01830,4000
hk00578,10000
hk00079,4000
hk02028,2000
hk01432,1000
hk00162,2000
hk02329,1000
hk00836,2000
hk00865,1000
hk03369,500
hk01800,1000
hk01579,1000
hk01004,2000
hk00633,2000
hk00093,2000
hk01661,1000
hk01581,5000
hk01235,5000
hk00668,2000
hk03378,2000
hk01086,1000
hk08311,10000
hk08281,8000
hk03969,1000
hk01547,8000
hk01918,1000
hk01885,4000
hk00757,1000
hk01766,1000
hk01103,800
hk00451,2000
hk00255,2000
hk00228,2000
hk00165,2000
hk02600,2000
hk01257,1000
hk01114,2000
hk00390,1000
hk00218,5000
hk08200,40000
hk02066,500
hk00527,4000
hk08328,4000
hk00598,1000
hk00241,2000
hk01786,500
hk01555,2000
hk01548,2000
hk00605,2000
hk00609,4000
hk02669,5000
hk01629,4000
hk00127,500
hk08178,24000
hk06183,1000
hk03999,1000
hk00621,10000
hk00355,4000
hk08252,2000
hk06166,1000
hk03332,2000
hk00112,2000
hk01478,1000
hk01223,10000
hk01020,4000
hk00966,200
hk00729,5000
hk00097,1000
hk01866,1000
hk01558,200
hk00482,2000
hk03836,500
hk00953,2000
hk08280,2000
hk02314,1000
hk00969,2000
hk00704,10000
hk00789,20000
hk00526,2000
hk01462,2000
hk00958,2000
hk01771,1000
hk01662,4000
hk01566,1000
hk01265,10000
hk01232,2000
hk01164,5000
hk01140,4000
hk00754,2000
hk02686,1000
hk00651,5000
hk00164,25000
hk08342,5000
hk08138,1000
hk08108,2000
hk02113,5000
hk01970,100
hk01717,1000
hk01647,5000
hk01195,4000
hk00923,2000
hk00775,2000
hk00558,2500
hk03808,500
hk03669,500
hk01282,4000
hk00871,1000
hk00199,1000
hk00187,2000
hk03147,200
hk00617,2000
hk01991,2000
hk01079,2000
hk00531,1000
hk00168,2000
hk03636,100
hk01913,100
hk01308,1000
hk00895,200
hk08066,5000
hk01072,200
hk00934,2000
hk00876,10000
hk00697,2000
hk00075,2000
hk83147,200
hk08359,20000
hk01400,5000
hk00816,2000
hk08246,8000
hk08018,10000
hk03998,2000
hk00610,2000
hk00298,10000
hk00262,5000
hk00188,10000
hk02186,500
hk01345,1000
hk00629,1000
hk00619,50000
hk01919,500
hk03322,2000
hk01206,2000
hk00611,2000
hk00337,1000
hk08455,10000
hk02012,500
hk02007,1000
hk00377,4000
hk00280,2000
hk06169,2000
hk06068,2000
hk08039,8000
hk02789,2000
hk01966,1000
hk01638,1000
hk01251,2000
hk00822,2000
hk00603,20000
hk02308,4000
hk00214,2000
hk06116,200
hk01831,1000
hk01266,1000
hk01127,4000
hk01097,1000
hk01061,1000
hk00765,2000
hk00661,2000
hk00596,2000
hk08278,10000
hk02866,1000
hk03623,2000
hk01172,20000
hk01029,2000
hk00399,5000
hk01938,1000
hk08158,5000
hk08062,5000
hk03778,4000
hk01139,16000
hk00979,2000
hk00910,12000
hk00358,1000
hk00128,4000
hk01610,1000
hk00100,1000
hk01370,1000
hk00020,1000
hk00535,2000
hk03993,3000
hk01022,1500
hk00433,10000
hk00777,500
hk08242,10000
hk03838,5000
hk01312,6000
hk00564,200
hk00149,5000
hk00143,2000
hk01599,1000
hk00442,1000
hk03301,500
hk02960,8000
hk00882,2000
hk00683,500
hk00291,2000
hk00227,8000
hk08022,3000
hk01660,8000
hk01281,1000
hk00831,2000
hk00472,10000
hk01371,20000
hk00266,2000
hk02238,2000
hk00805,100
hk08423,10000
hk08089,2000
hk03996,2000
hk01296,1000
hk01171,2000
hk01150,2000
hk01616,2000
hk03708,5000
hk02488,500
hk01668,2000
hk01363,2000
hk00417,2000
hk01303,2000
hk01186,500
hk00095,4000
hk01980,1000
hk00370,20000
hk08318,20000
hk01868,2000
hk01332,10000
hk06118,1000
hk01316,1000
hk00631,1000
hk08169,10000
hk01297,1000
hk01239,20000
hk01112,500
hk01361,1000
hk00485,20000
hk00859,2000
hk00553,2000
hk00098,1000
hk83118,100
hk01979,4000
hk01419,2000
hk00938,2000
hk00913,10000
hk00766,5000
hk00602,2500
hk00884,2000
hk00978,2000
hk00340,2000
hk00018,2000
hk06839,1000
hk02039,100
hk00042,2000
hk08220,20000
hk02033,2000
hk01496,4000
hk01456,500
hk01415,1000
hk08190,10000
hk03833,1000
hk02324,20000
hk01315,2000
hk00818,3000
hk00416,1000
hk00431,4000
hk00113,500
hk03800,1000
hk01443,2000
hk00296,5000
hk00861,1000
hk02777,400
hk02310,2000
hk01133,2000
hk01076,20000
hk00835,10000
hk00330,100
hk00799,1000
hk00639,2000
hk00636,500
hk08250,20000
hk08109,15000
hk03666,2000
hk02883,2000
hk00532,2000
hk00317,2000
hk00210,2000
hk08029,5000
hk00571,2000
hk00391,20000
hk00327,1000
hk00439,1000
hk00081,1000
hk00763,200
hk00374,2000
hk01262,1000
hk01141,10000
hk00899,10000
hk00142,2000
hk00123,2000
hk01893,1000
hk03048,50
hk01071,2000
hk00347,2000
hk00646,8000
hk06865,1000
hk03395,1000
hk02111,2000
hk01446,2000
hk00555,25000
hk02336,10000
hk00830,2000
hk01898,1000
hk00380,4000
hk02188,2000
hk01215,2000
hk01617,4000
hk08139,500
hk08251,10000
hk00732,2000
hk00383,10000
hk00716,2000
hk06033,1000
hk02268,1000
hk00679,10000
hk03899,2000
hk01058,2000
hk00986,2000
hk00819,2000
hk00238,1000
hk08309,10000
hk02023,4000
hk01278,2500
hk01250,20000
hk00250,10000
hk08355,10000
hk08229,5000
hk08025,2000
hk06888,1000
hk02342,2000
hk02100,2000
hk01500,5000
hk00759,2000
hk00500,1000
hk00076,4000
hk06878,2000
hk01538,2000
hk00176,2000
hk00147,5000
hk00010,1000
hk01591,20000
hk00342,2000
hk00842,1000
hk02668,10000
hk00951,1000
hk00455,2000
hk00412,6000
hk00209,4000
hk00547,10000
hk08428,12000
hk03823,2000
hk02199,1000
hk00215,2000
hk00145,8000
hk08258,10000
hk00989,5000
hk00724,10000
hk03709,1000
hk01322,500
hk01249,1000
hk01043,2000
hk00694,2000
hk00608,2000
hk01035,1500
hk00673,3000
hk00552,2000
hk03382,2000
hk01886,500
hk02623,2000
hk00419,10000
hk00191,5000
hk00323,2000
hk01469,4000
hk01201,3000
hk08083,4000
hk02358,10000
hk01021,1000
hk08260,10000
hk01273,4000
hk00479,20000
hk00622,3000
hk00086,1000
hk08177,5000
hk01822,30000
hk08132,10000
hk01458,500
hk00643,10000
hk00240,10000
hk00322,2000
hk08153,5000
hk01728,500
hk02399,1000
hk00877,1000
hk02882,4000
hk01145,1000
hk01039,1000
hk00947,1000
hk01397,4000
hk00821,4000
hk08412,10000
hk08050,2000
hk01280,2000
hk01293,500
hk00094,2000
hk06133,1000
hk00829,2000
hk00036,3000
hk08245,5000
hk08143,4000
hk01330,1000
hk02277,5000
hk01108,2000
hk00033,2000
hk00991,2000
hk03939,2000
hk00888,2000
hk08346,10000
hk03337,2000
hk00329,4000
hk01347,1000
hk01317,2000
hk01033,2000
hk00670,2000
hk08325,10000
hk02349,4000
hk03355,2000
hk01823,2000
hk08269,10000
hk00776,1000
hk00769,2000
hk08111,5000
hk08212,8000
hk03393,2000
hk01476,1000
hk08299,12000
hk08049,4000
hk01117,1000
hk00660,20000
hk08102,10000
hk01572,4000
hk00764,10000
hk00206,1000
hk08353,3000
hk01064,5000
hk02312,20000
hk01683,4000
hk01259,1000
hk00567,2000
hk00528,2000
hk02120,100
hk01958,500
hk00983,2000
hk00932,4000
hk00196,1000
hk08005,2000
hk02255,1000
hk08060,10000
hk08031,2000
hk01486,2000
hk08290,10000
hk01063,10000
hk08337,10000
hk08051,10000
hk08123,6000
hk01157,200
hk00276,3000
hk00186,20000
hk00121,10000
hk00710,1000
hk01900,1000
hk00918,2000
hk00826,2000
hk00469,4000
hk00806,1000
hk08315,10000
hk08006,10000
hk02218,500
hk08007,10000
hk02121,1000
hk08088,8000
hk00110,2000
hk02357,1000
hk08162,10000
hk01632,2000
hk00418,2000
hk08071,5000
hk01499,10000
hk01087,1000
hk01623,1000
hk01190,2000
hk02178,1000
hk00091,50000
hk08266,16000
hk01520,6000
hk06136,1000
hk08225,20000
hk01098,1000
hk00648,2500
hk08082,5000
hk00030,2000
hk01560,2000
hk01176,2000
hk00058,20000
hk08301,8000
hk01328,10000
hk08361,2000
hk01227,20000
hk08189,5000
hk01539,2000
hk00359,4000
hk02166,2000
hk00726,20000
hk08363,2000
hk00767,40000
hk01338,2000
hk03882,1000
hk00205,20000
hk01057,2000
hk01526,1000
hk00723,60000
hk00510,6000
hk01053,2000
hk01013,2000
hk02362,1000
hk08057,4000
hk01290,2000
hk08370,8000
hk00372,2000
hk08226,4000
hk06889,200
hk01655,5000
hk08235,10000
hk08262,10000
hk00682,2000
hk03303,2000
hk01380,10000
hk01185,2000
hk01023,1000
hk00722,2000
hk08230,5000
hk01245,2000
hk00436,20000
hk08179,12000
hk08308,4000
hk08120,20000
hk01569,2000
hk08013,20000
hk08256,4000
hk00136,4000
hk08221,20000
hk03678,1000
hk01532,3000
hk02211,1000
hk08320,10000
hk08161,10000
hk00698,10000
hk03886,2000
hk00975,500
hk00616,5000
hk01019,6000
hk01220,30000
hk01046,5000
hk08368,1000
hk00082,2000
hk00612,8000
hk08182,10000
hk00269,5000
hk02965,2000
